Topic,Count,Name,Representation,Representative_Docs,Importance
-1,1109,-1_time_like_hour_point,"['time', 'like', 'hour', 'point', 'even', 'issue', 'player', 'people', 'make', 'system']","['review made like need first dont know make play play hour play hour cant play hour play This like feel hour really feel feel like system need also weapon time hour This know good time This really work need This issue feel point thing like feel really much feel play would play feel playing back review hour hour first still much better system really need need better weapon system dont want play update', 'many play better review people want time money play hour issue hour played year every issue first time player hour good review hour player hour first hour hour first play hour even hour playing content playing content system player play time playing content player content This point hour point content time need even player even every year even like player content even thing weapon many player would work feel played time know better play player many even play player even playing even much playing player play doesnt point like every people review even player playing back many time doesnt dont people people dont play like content like player hour This time youre', 'This work also many good recommend feel like good thing also really work player make thing great character like thing really system make work much like much every time point really played system people playing This made even play thing thing would doesnt feel much like first made dont know first back player know need need back issue like thing back also want time back really really doesnt make dont want feel thing like like could make work play play first cant really good still every thing make play feel like really much feel like player']",0.2740978744438952
0,376,0_weapon_story_feel_character,"['weapon', 'story', 'feel', 'character', 'really', 'like', 'weapon weapon', 'good', 'much', 'thing']","['played dont like much doesnt feel really dont much back time even feel many weapon even much character feel many thing need time many thing player dont much even need every weapon time still every many need every make feel much much many thing good point dont first weapon great much make weapon great even weapon good better weapon system weapon dont dont good much story character even even like character play also even people like story much time like cant really', 'year character feel time issue year would good story work like work like time first good story work weapon made great story story story story character still story character still story character character story need thing know character need character thing good story story story doesnt work really thing system even good good good thing weapon could many feel weapon good thing story system feel story even time even still really good story first feel weapon good story first even story also still character thing thing thing time thing year doesnt even time could great good still still also story time playing', 'This really would recommend would great would still play played player made cant really much really thing point really good point would really much every want work still system like first work player really story like like really need really story even good also youre like story much dont feel back like story point story character feel like point character time dont feel character story feel like great really good feel play dont need would player review really really dont much time back weapon really much work also like much dont really make make weapon cant youre need doesnt even feel like review still playing dont would really']",0.09293129016312407
1,76,1_server_time server_server player_player server,"['server', 'time server', 'server player', 'player server', 'player', 'server time', 'server server', 'server cant', 'hour', 'server play']","['server time server player even player player want play dont', 'play many youre dont know dont hour playing really character youre player would really like server cant player server server player player server server server player time like player server This time could thing would good time playing good play good good good youre time thing issue', 'recommend dont system system would like This server many player player server like This server people would point like many feel This dont doesnt server people like server This issue server time server also dont server player would player play server player time still server many playing player every time review']",0.018783984181908058
2,66,2_server server_server_great server_server great,"['server server', 'server', 'great server', 'server great', 'system server', 'server every', 'server could', 'would server', 'every server', 'server would']","['server server', 'server server', 'server server']",0.016312407315867524
3,56,3_recommend_recommend playing_playing recommend_play recommend,"['recommend', 'recommend playing', 'playing recommend', 'play recommend', 'recommend play', 'would recommend', 'recommend good', 'cant recommend', 'playing', 'recommend want']","['recommend playing', 'recommend playing', 'recommend playing']",0.01384083044982699
4,55,4_money_play money_money played_dont money,"['money', 'play money', 'money played', 'dont money', 'money play', 'time money', 'money every', 'even money', 'money cant', 'first money']","['play dont money played hour This cant play', 'play money', 'play money']",0.013593672763222936
5,54,5_like like_youre like_like youre_like,"['like like', 'youre like', 'like youre', 'like', 'like really', 'really like', 'youre', 'youre really', 'really thing', 'good youre']","['like youre like', 'like like', 'like like']",0.013346515076618883
6,51,6_year_year year_year still_issue year,"['year', 'year year', 'year still', 'issue year', 'back year', 'year back', 'like year', 'really year', 'year this', 'even year']","['year', 'year year still issue', 'year year still many people']",0.012605042016806723
7,50,7_server_server play_play server_player server,"['server', 'server play', 'play server', 'player server', 'server server', 'issue player', 'playing server', 'player issue', 'server issue', 'player']","['player This really server play server server server', 'player server play', 'player server cant play issue player like player server server cant play server play cant play server dont want play people want player']",0.012357884330202669
8,49,8_issue_issue issue_like issue_issue this,"['issue', 'issue issue', 'like issue', 'issue this', 'this issue', 'issue really', 'good issue', 'work issue', 'issue played', 'much issue']","['issue', 'issue', 'issue']",0.012110726643598616
9,47,9_feel_play feel_feel like_feel play,"['feel', 'play feel', 'feel like', 'feel play', 'like playing', 'playing', 'like feel', 'doesnt feel', 'feel feel', 'like']","['This really dont like much good feel play feel also every feel playing play player hour youre playing youre feel like youre youre player could better like hour player really dont player', 'play feel like playing', 'really recommend doesnt thing dont played like really also feel youre feel good people played like playing really feel still doesnt feel point doesnt feel playing dont play feel This much play would recommend even play play better would recommend doesnt feel feel like really people really want feel like doesnt like like']",0.011616411270390509
10,47,10_money_money time_time money_money money,"['money', 'money time', 'time money', 'money money', 'dont money', 'money dont', 'people money', 'money back', 'want money', 'year money']","['year money money people', 'year money money people', 'This money like money also dont money good need']",0.011616411270390509
11,43,11_server_weapon_play_server server,"['server', 'weapon', 'play', 'server server', 'player', 'character', 'people', 'thing', 'dont', 'money']","['This played many issue make first issue issue server server time issue weapon first time time time This point server This every This really really make thing issue year still dont issue This issue server This issue even server server server server server server server money server player server server server much people really point every good really weapon good thing great many made good like play still dont know would issue', 'recommend dont money good dont better server much people still recommend many better character cant make even weapon many even even character need many thing character many still play thing like people like player play better good back need cant weapon even make much money server server server people player time dont server people like could make better people play like dont playing people cant much good dont play play play even dont know dont good player youre', 'like first cant recommend want people know server hour character time need like play character server really also make hour cant play server people cant even could would cant playing server play people know people much time system player would like play people server would work people thing server also could still play people want play know content even playing would like people play also thing server would like point player recommend great know dont dont dont like make thing cant story doesnt many cant every much dont thing play played play want play people player thing thing character server would want server point server thing really know back play want play much thing could many thing people server issue dont server make play back play server time']",0.010627780523974296
12,41,12_back_back back_good back_back dont,"['back', 'back back', 'good back', 'back dont', 'like back', 'even back', 'back like', 'dont back', 'back this', 'make back']","['back', 'back', 'back']",0.010133465150766189
13,39,13_people people_people_people issue_first people,"['people people', 'people', 'people issue', 'first people', 'people great', 'dont people', 'like people', 'dont every', 'people dont', 'great people']","['could first people people', 'like people people people like like people great', 'dont people people']",0.009639149777558082
14,39,14_feel_feel like_feel feel_like feel,"['feel', 'feel like', 'feel feel', 'like feel', 'work feel', 'point', 'hour feel', 'doesnt feel', 'time', 'feel dont']","['really need time feel like make thing point youre point doesnt feel great feel time even feel still youre system feel many many need system good thing also want even also feel like time feel doesnt feel', 'This still people time play make feel like feel like back feel like work make want feel many feel like still point point like player cant time thing thing thing back thing time even weapon youre update content issue This hour hour even need good play', 'hour first hour hour also want doesnt feel like feel point feel like every point doesnt feel feel like This every like youre dont know better point still point time work feel like feel']",0.009639149777558082
15,39,15_even even_even_this even_even this,"['even even', 'even', 'this even', 'even this', 'even every', 'even like', 'every even', 'like even', 'would even', 'even doesnt']","['even', 'even even', 'even even']",0.009639149777558082
16,37,16_time time_time_this time_time this,"['time time', 'time', 'this time', 'time this', 'need time', 'time still', 'time need', 'know this', 'still thing', 'still time']","['This time', 'This time', 'time time']",0.009144834404349975
17,37,17_system_system player_system system_also system,"['system', 'system player', 'system system', 'also system', 'playing system', 'play system', 'system like', 'still system', 'system doesnt', 'even system']","['player system player player', 'system player', 'system player']",0.009144834404349975
18,36,18_dont player_player player_system dont_player system,"['dont player', 'player player', 'system dont', 'player system', 'player', 'player dont', 'dont', 'player every', 'system', 'play player']","['player player player', 'player player', 'player player player system dont player dont player player player system dont player dont player player player system dont player dont player player player system dont player dont player player player system dont player dont player player player system dont player dont player player player system dont player dont player player player system dont player dont player player player system dont player dont player player player system dont player dont player player player system dont player dont player player player system dont player dont player player player system dont player dont player player player system dont player dont player player player system dont player dont player player player system dont player dont player player player system dont player dont player player player system dont player dont player player player system dont player dont player player player system dont player dont player player player system dont player dont player player player system dont player dont player player']",0.008897676717745922
19,36,19_review_good review_issue review_review issue,"['review', 'good review', 'issue review', 'review issue', 'play review', 'issue', 'review dont', 'review review', 'want review', 'issue player']","['good good review youre review dont like would really really would like could also made like play play really much better cant really still review dont', 'review made issue better still character This issue issue player This made like issue every character need made player player time player feel point need want point dont make much thing made review also made youre better thing back review thing', 'really good review issue issue review play story play really']",0.008897676717745922
20,36,20_hour_play hour_hour play_played hour,"['hour', 'play hour', 'hour play', 'played hour', 'hour played', 'know hour', 'hour playing', 'hour even', 'hour like', 'played']","['play hour', 'play hour', 'much hour like know hour play play hour hour work work']",0.008897676717745922
21,36,21_good good_good_good this_this good,"['good good', 'good', 'good this', 'this good', 'this', '', '', '', '', '']","['good', 'good', 'good good']",0.008897676717745922
22,34,22_year_year play_play year_like year,"['year', 'year play', 'play year', 'like year', 'year feel', 'still year', 'year year', 'doesnt really', 'would year', 'feel could']","['would year play', 'year good like doesnt really need need feel like play feel like content also doesnt really year content want every like This doesnt year year', 'like This need review year play issue much doesnt good play many great year would know even time would year play cant year youre']",0.008403361344537815
23,34,23_play play_play_really play_play really,"['play play', 'play', 'really play', 'play really', 'know play', 'play know', 'really', 'know', '', '']","['play', 'play', 'play']",0.008403361344537815
24,34,24_issue_play issue_issue play_issue issue,"['issue', 'play issue', 'issue play', 'issue issue', 'issue want', 'issue even', 'play', 'content', 'people issue', 'played issue']","['issue many time every play work issue people still play even know good', 'play This issue issue even', 'work many people issue issue want people play make play']",0.008403361344537815
25,32,25_play time_time player_player time_time,"['play time', 'time player', 'player time', 'time', 'time like', 'time play', 'time good', 'thing time', 'time playing', 'doesnt time']","['play time', 'time player time player', 'dont much every time like every thing need time time play play hour still like first time still every time play']",0.007909045971329708
26,32,26_dont dont_know dont_dont_dont know,"['dont dont', 'know dont', 'dont', 'dont know', 'know', 'good dont', 'youre know', 'doesnt know', 'dont like', 'know much']","['dont know', 'doesnt know dont', 'dont know dont']",0.007909045971329708
27,31,27_update_update play_like update_playing update,"['update', 'update play', 'like update', 'playing update', 'update like', 'player update', 'play update', 'made update', 'update first', 'content playing']","['update play', 'update play need update every update better even update This thing time', 'update need play like update play good']",0.007661888284725655
28,30,28_player player_player_player this_much player,"['player player', 'player', 'player this', 'much player', 'player much', 'this player', 'player also', 'also player', 'really player', 'this really']","['player', 'player', 'player']",0.007414730598121601
29,29,29_update update_update_this update_update this,"['update update', 'update', 'this update', 'update this', 'update youre', 'youre update', 'update also', 'update would', 'work update', 'need update']","['update', 'update', 'update']",0.007167572911517549
30,29,30_update_update review_review update_review,"['update', 'update review', 'review update', 'review', 'make review', 'time update', 'update good', 'update made', 'update time', 'update story']","['every still update need update review update like also made story hour hour', 'update review', 'update story still issue dont cant character review update This still also cant even update work make review point time update still update time point issue also review update also youre youre still youre youre cant back back doesnt would need back also play back even This']",0.007167572911517549
31,28,31_character_character like_character character_character dont,"['character', 'character like', 'character character', 'character dont', 'play character', 'feel character', 'character good', 'made character', 'character feel', 'character many']","['character', 'character', 'character']",0.006920415224913495
32,27,32_play play_make play_play good_also played,"['play play', 'make play', 'play good', 'also played', 'play like', 'playing play', 'play', 'play youre', 'play playing', 'youre play']","['even would point like also played like like', 'make play like playing', 'This great youre played also played']",0.0066732575383094414
33,27,33_point point_point_know point_need point,"['point point', 'point', 'know point', 'need point', 'point better', 'good know', 'really point', 'point make', 'know really', 'point this']","['point', 'point', 'good know point like']",0.0066732575383094414
34,26,34_system_time system_system time_system really,"['system', 'time system', 'system time', 'system really', 'system could', 'hour', 'playing system', 'hour good', 'played hour', 'system system']","['play played dont want hour need playing system like time great issue back system even playing time system time', 'This cant really recommend playing system system point time dont dont want back time system time back really could', 'issue back back back still back make could would also thing playing would dont know time system know much playing many player like like know make This would could dont system would recommend playing hour back much would really want system really make']",0.006426099851705388
35,25,35_review_review review_good review_review good,"['review', 'review review', 'good review', 'review good', 'review want', 'great review', 'review issue', 'want review', 'content review', 'review content']","['review', 'good review review', 'review']",0.006178942165101334
36,25,36_need need_need_need this_this need,"['need need', 'need', 'need this', 'this need', 'need really', 'every need', 'need dont', 'really need', 'like need', 'need still']","['need', 'need', 'need']",0.006178942165101334
37,25,37_would play_player could_play would_would,"['would play', 'player could', 'play would', 'would', 'could play', 'would would', 'could', 'would every', 'play this', 'every would']","['would play', 'This This could play would would', 'play would play This']",0.006178942165101334
38,25,38_play back_back_back play_playing still,"['play back', 'back', 'back play', 'playing still', 'good back', 'still', 'still play', 'back playing', 'back back', 'still back']","['play back', 'play back play', 'play play back']",0.006178942165101334
39,24,39_review_review player_server_player,"['review', 'review player', 'server', 'player', 'really great', 'even server', 'people', 'playing', 'would server', 'every']","['hour also even server youre really review much time time know really youre playing doesnt feel youre every time This cant time cant could time time back good back time time like playing know review issue hour know also played much could cant people better better playing time year cant recommend', 'This first player play good play cant player want player play player cant This better player need play player good weapon dont server This money need thing This play play good recommend player played many hour time many time good people This review player work', 'much review dont playing hour point every every every even still time played like money much server time server played issue issue every hour youre every server issue even server issue first still issue work dont like This This thing like even like dont time time playing playing like also point cant many content weapon hour dont even play need really play many dont like play']",0.005931784478497282
40,24,40_cant play_cant_play cant_player cant,"['cant play', 'cant', 'play cant', 'player cant', 'dont cant', 'cant even', 'cant also', 'even player', 'play dont', 'playing cant']","['cant play', 'cant play', 'player cant play']",0.005931784478497282
41,23,41_work doesnt_doesnt work_work_dont work,"['work doesnt', 'doesnt work', 'work', 'dont work', 'work also', 'work cant', 'cant work', 'work dont', 'doesnt', 'every time']","['work doesnt work recommend', 'doesnt like dont work doesnt work time system dont want money like doesnt work', 'work doesnt work cant even']",0.005684626791893228
42,23,42_could_could could_could good_this could,"['could', 'could could', 'could good', 'this could', 'would could', 'could would', 'could work', 'people could', 'good could', 'would']","['could good', 'would would would good could would could good make', 'This could good thing']",0.005684626791893228
43,23,43_story_review_review story_really like,"['story', 'review', 'review story', 'really like', 'story really', 'story review', 'really', 'story even', 'could', 'many review']","['This review played much every review year play time play even This first would make good story work good make also make would much feel play good much even like great played story even also story even good thing', 'much review story even time story story really like playing thing dont even dont', 'good issue first would like still back also feel like many could better still review need really story really good better good really feel like story really youre really like issue character even even would even really doesnt good like doesnt much story feel like weapon playing made hour good much time thing people really review dont play']",0.005684626791893228
44,23,44_like make_like dont_feel_doesnt feel,"['like make', 'like dont', 'feel', 'doesnt feel', 'feel like', 'dont like', 'like feel', 'like', 'even feel', 'like like']","['recommend even feel like make really feel really feel need made make want play', 'make like dont also thing like make feel like This better', 'dont like dont like dont like dont like feel like dont want even like']",0.005684626791893228
45,23,45_people_people people_people play_play people,"['people', 'people people', 'people play', 'play people', 'thing people', 'play thing', 'people playing', 'people much', 'this people', 'playing people']","['people people people player like', 'play thing people play like', 'This dont know people people play people back']",0.005684626791893228
46,22,46_this this_this_this work_great this,"['this this', 'this', 'this work', 'great this', 'work this', 'really this', 'this great', 'this really', 'work', 'great']","['This', 'This', 'This']",0.005437469105289174
47,22,47_recommend_recommend like_cant recommend_recommend dont,"['recommend', 'recommend like', 'cant recommend', 'recommend dont', 'know recommend', 'want recommend', 'recommend cant', 'still recommend', 'really recommend', 'recommend really']","['recommend like', 'youre cant recommend like still also', 'cant recommend like']",0.005437469105289174
48,22,48_would would_dont would_would_would need,"['would would', 'dont would', 'would', 'would need', 'would dont', 'good would', 'would good', 'need dont', 'would make', 'this youre']","['would would', 'would would', 'would would']",0.005437469105289174
49,22,49_feel feel_still feel_feel_feel dont,"['feel feel', 'still feel', 'feel', 'feel dont', 'feel even', 'still great', 'feel issue', 'feel still', 'still', 'really still']","['even still feel', 'feel like still much still feel like even like', 'still feel dont much']",0.005437469105289174
50,22,50_great great_great much_good great_great,"['great great', 'great much', 'good great', 'great', 'much great', 'great this', 'great good', 'much good', 'this great', 'really good']","['much great', 'This great much', 'great much']",0.005437469105289174
51,21,51_need_thing_make_know,"['need', 'thing', 'make', 'know', 'like', 'feel', 'time', 'feel like', 'made', 'need need']","['made like year need make people like great even cant character system want character play player time thing make feel much first issue make point like cant make time make make even youre youre point feel like like even time feel good want time cant thing like feel like back server player good really need feel like cant recommend people even good playing good great', 'first time like good people thing good really like played want first thing also even people good thing like made feel good still thing like people time cant thing like also good many feel like really playing feel like thing player cant feel know know like need much still know feel like much still thing feel good feel thing made like want cant need like people people feel feel time feel like thing like made much much story doesnt really time time even much would like much better good know still', 'first thing hour player much player like time player playing player like much thing story good time make thing really time played people even point like This time also dont thing really feel like time thing like hour much thing made every people like youre know even still still need need time feel like time feel much time story good make people character feel really like many thing like back cant good thing even thing make want This also really thing really even much This cant like like good feel like time people like like time good want story like feel like time thing make want know know much time really cant money people like']",0.005190311418685121
52,21,52_update_update update_update every_every update,"['update', 'update update', 'update every', 'every update', 'like recommend', 'time update', 'content dont', 'update better', 'people update', 'update issue']","['update update doesnt point feel like recommend update', 'recommend update update great update still update good good content', 'update issue issue update every update']",0.005190311418685121
53,21,53_recommend recommend_recommend_would recommend_recommend better,"['recommend recommend', 'recommend', 'would recommend', 'recommend better', 'need recommend', 'better recommend', 'recommend cant', 'recommend would', 'recommend much', 'still recommend']","['recommend', 'recommend', 'recommend']",0.005190311418685121
54,21,54_like feel_feel like_feel_better feel,"['like feel', 'feel like', 'feel', 'better feel', 'really feel', 'like', 'every feel', 'people feel', 'feel better', 'youre feel']","['feel like', 'feel like', 'dont feel like feel like']",0.005190311418685121
55,20,55_many many_many_many every_good many,"['many many', 'many', 'many every', 'good many', 'better many', 'many this', 'every many', 'many better', 'many much', 'thing many']","['many', 'many many good', 'many many better']",0.004943153732081068
56,20,56_even good_good even_good like_even great,"['even good', 'good even', 'good like', 'even great', 'like good', 'good dont', 'good', 'like like', 'like even', 'even']","['like even good', 'even good like like dont good dont even', 'even good']",0.004943153732081068
57,20,57_make make_make_make good_work better,"['make make', 'make', 'make good', 'work better', 'youre work', 'first youre', 'good work', 'make first', 'thing still', 'make better']","['make', 'first youre work better make make', 'make make make']",0.004943153732081068
58,20,58_recommend_recommend time_recommend could_recommend play,"['recommend', 'recommend time', 'recommend could', 'recommend play', 'recommend played', 'great recommend', 'made time', 'recommend great', 'hour', 'hour dont']","['thing hour people many also like play back like would really feel know play recommend issue', 'need really like like great doesnt even point still play would like play playing first player play first hour first would really dont time hour great recommend', 'recommend played hour made This like like really dont This doesnt doesnt This cant even time point like even player even playing make good great']",0.004943153732081068
59,19,59_play need_need play_want play_need,"['play need', 'need play', 'want play', 'need', 'play like', 'need player', 'want', 'really player', 'player want', 'need like']","['cant play need', 'play need', 'play need play']",0.0046959960454770145
60,19,60_hour hour_hour_need hour_hour would,"['hour hour', 'hour', 'need hour', 'hour would', 'also hour', 'dont hour', 'would hour', 'many need', 'hour many', 'really hour']","['hour', 'hour', 'This dont know really hour hour hour']",0.0046959960454770145
61,18,61_playing playing_playing_playing want_this playing,"['playing playing', 'playing', 'playing want', 'this playing', 'want playing', 'playing this', 'want', 'this', '', '']","['playing', 'playing', 'playing']",0.004448838358872961
62,18,62_good system_system_system system_system even,"['good system', 'system', 'system system', 'system even', 'even good', 'system back', 'system thing', 'system would', 'make system', 'really really']","['thing good system', 'even good system even', 'need This like like system system would would work good system even make still like would like many thing want also many much good good This like much work character point need']",0.004448838358872961
63,17,63_make time_time doesnt_time time_time,"['make time', 'time doesnt', 'time time', 'time', 'time like', 'dont make', 'make even', 'like time', 'time good', 'doesnt make']","['much doesnt make time doesnt even every hour', 'make time doesnt even', 'thing time doesnt make time make']",0.004201680672268907
64,17,64_hour player_play player_hour_player,"['hour player', 'play player', 'hour', 'player', 'player good', 'dont hour', 'played player', 'would hour', 'hour play', 'like player']","['like hour player good', 'This player dont dont hour player played player play like player', 'hour player']",0.004201680672268907
65,17,65_every time_time every_many time_time many,"['every time', 'time every', 'many time', 'time many', 'time like', 'every', 'time', 'like every', 'many', 'like many']","['every time', 'every time', 'every time']",0.004201680672268907
66,17,66_character_make character_character time_character hour,"['character', 'make character', 'character time', 'character hour', 'character good', 'character like', 'character first', 'hour character', 'thing like', 'character youre']","['good make character time even character really', 'This much make character good character like want make every time doesnt feel like made played hour like like', 'character like back character hour make character good This also thing like time better']",0.004201680672268907
67,17,67_made made_made_made this_great made,"['made made', 'made', 'made this', 'great made', 'this made', 'great make', 'made great', 'much made', 'many made', 'work great']","['made', 'made', 'made This like much']",0.004201680672268907
68,16,68_system system_system_every system_system money,"['system system', 'system', 'every system', 'system money', 'system every', 'system many', 'money every', 'work system', 'also system', 'many also']","['system', 'system', 'system']",0.003954522985664854
69,16,69_review_cant review_review really_like review,"['review', 'cant review', 'review really', 'like review', 'want dont', 'like doesnt', 'review feel', 'thing review', 'really', 'really could']","['review feel like feel like good dont like even really time like could like issue could really could much much many thing update', 'first really make feel made feel still like doesnt know really would even better really cant review', 'could review really doesnt feel youre people feel really youre youre time feel every really This time good content need want want want like']",0.003954522985664854
70,16,70_hour first_first hour_hour_first better,"['hour first', 'first hour', 'hour', 'first better', 'hour youre', 'youre good', 'better hour', 'hour point', 'hour hour', 'first']","['first hour', 'hour first better', 'first hour youre good good']",0.003954522985664854
71,16,71_content content_content_content doesnt_content feel,"['content content', 'content', 'content doesnt', 'content feel', 'content like', 'also content', 'great content', 'content would', 'every content', 'much content']","['content', 'content content like', 'content content content']",0.003954522985664854
72,16,72_every every_every this_this like_every,"['every every', 'every this', 'this like', 'every', 'like every', 'like this', 'dont every', 'thing work', 'really every', 'every much']","['This like', 'This like every', 'This like']",0.003954522985664854
73,16,73_server player_player server_server_player,"['server player', 'player server', 'server', 'player', 'make server', 'player need', 'player player', 'player make', 'server server', 'server thing']","['server player', 'server player', 'server player']",0.003954522985664854
74,16,74_doesnt like_cant like_doesnt cant_this doesnt,"['doesnt like', 'cant like', 'doesnt cant', 'this doesnt', 'like dont', 'like like', 'doesnt', 'like cant', 'dont really', 'great work']","['cant like', 'cant like', 'This doesnt like']",0.003954522985664854
75,16,75_server dont_server even_even server_dont server,"['server dont', 'server even', 'even server', 'dont server', 'server', 'doesnt server', 'server doesnt', 'much server', 'work server', 'dont']","['server even server doesnt', 'doesnt server dont even server also issue every time server server', 'dont server dont even server even made still even like like need like made could']",0.003954522985664854
76,16,76_play this_this play_good play_play great,"['play this', 'this play', 'good play', 'play great', 'great play', 'play good', 'this played', 'this this', 'this', 'play']","['This play', 'great play play play This', 'play This play']",0.003954522985664854
77,16,77_money money_money_this money_money this,"['money money', 'money', 'this money', 'money this', 'much money', 'money like', 'like much', 'this', 'much', 'like']","['money', 'money', 'money']",0.003954522985664854
78,15,78_review_review hour_hour_play review,"['review', 'review hour', 'hour', 'play review', 'hour time', 'money', 'played review', 'review time', 'hour like', 'played']","['time first playing dont know money make player hour played make money would point want want make money player feel like review doesnt doesnt work point like thing even good hour much', 'This would first time recommend time play time work hour first played play review still issue still still first hour good would really dont This review play time first', 'review hour play review money review hour like first hour played review review point system content recommend like play hour time money hour like even much much good money also time']",0.0037073652990608007
79,15,79_first first_first_first even_first much,"['first first', 'first', 'first even', 'first much', 'cant first', 'even first', 'much first', 'even cant', 'even', 'much']","['first', 'first', 'first']",0.0037073652990608007
80,14,80_cant cant_cant_cant this_this cant,"['cant cant', 'cant', 'cant this', 'this cant', 'this', '', '', '', '', '']","['cant', 'cant', 'cant']",0.0034602076124567475
81,14,81_character player_character_play character_could better,"['character player', 'character', 'play character', 'could better', 'character time', 'really character', 'much character', 'character much', 'better could', 'much need']","['player much playing character time every play player like every player better weapon play first dont player time', 'really really like even need like playing hour people play could much doesnt character player playing know could thing really play play good time youre player feel good', 'play character playing could better could better could better player play first time better issue time every issue much']",0.0034602076124567475
82,14,82_money_character_character money_character player,"['money', 'character', 'character money', 'character player', 'money first', 'every money', 'player character', 'character really', 'money dont', 'money character']","['played really review really character really like This like would much dont dont know know money make character also really much really play even money good dont know much dont many', 'character really character character player character money first', 'character dont money dont want really money want really play issue feel player good want play even time time good play much really time player feel really time hour cant play every cant play want want dont like play really character money cant']",0.0034602076124567475
83,14,83_server_server play_good server_like playing,"['server', 'server play', 'good server', 'like playing', 'dont server', 'play server', 'playing server', 'server could', 'server recommend', 'make server']","['thing server play good server good money dont server', 'really want recommend really server every server people server doesnt make server thing playing doesnt still make want dont point need every point thing like playing', 'good server server play dont server server']",0.0034602076124567475
84,14,84_even cant_cant even_cant_even,"['even cant', 'cant even', 'cant', 'even', 'even still', 'even dont', 'know cant', 'dont cant', 'even could', 'could even']","['cant even', 'even cant', 'know dont even cant even']",0.0034602076124567475
85,14,85_much much_much_many much_much many,"['much much', 'much', 'many much', 'much many', 'this much', 'much this', 'many', 'this', '', '']","['much', 'much', 'much']",0.0034602076124567475
86,14,86_thing thing_thing_doesnt thing_thing doesnt,"['thing thing', 'thing', 'doesnt thing', 'thing doesnt', 'still thing', 'thing still', 'thing even', 'thing this', 'this thing', 'doesnt']","['thing', 'thing', 'thing thing']",0.0034602076124567475
87,13,87_work work_work need_work_need work,"['work work', 'work need', 'work', 'need work', 'want work', 'work people', 'people work', 'even many', 'work want', 'good work']","['need work really', 'need work', 'work work']",0.003213049925852694
88,13,88_also cant_back_youre_back back,"['also cant', 'back', 'youre', 'back back', 'review', 'player', 'review playing', 'playing point', 'youre youre', 'playing']","['review issue player could first play cant cant player point player character play time hour player back player player system like played like work youre youre player player player player time would like youre playing player feel like system work player player even player thing make youre This player back still still player like many player system system make youre youre player playing want', 'would better every cant need also every also cant play also cant This make played This like make good good feel like point could work update would review good play review review work many know feel like better This first played time people really dont make back would good make still like played time still like like good player could better good feel like review good playing would', 'This even playing This would make back back This good back every time thing every time much every every could need make time back time time could back back like like youre youre playing point story point every time youre youre also every youre make time review player doesnt']",0.003213049925852694
89,13,89_better better_better_better like_like better,"['better better', 'better', 'better like', 'like better', 'know better', 'even better', 'better dont', 'would even', 'dont know', 'know']","['better', 'better better dont know', 'like better better']",0.003213049925852694
90,13,90_content_content time_hour content_content better,"['content', 'content time', 'hour content', 'content better', 'better content', 'make hour', 'hour play', 'hour', 'hour like', 'play much']","['player hour really doesnt make great better like like first recommend better content better system', 'doesnt content make hour content play hour doesnt This content need time make dont recommend', 'also make want make hour play point even content time']",0.003213049925852694
91,13,91_server character_server_character_every character,"['server character', 'server', 'character', 'every character', 'server server', 'good this', 'character would', 'character server', 'would people', 'server make']","['make playing great server update server server character would would even would would people could made would', 'really great really server player server make server character This character also cant server good player player time make weapon time dont cant want player want play would', 'good This server character like server server need point cant play server player great people player cant even made also issue people feel character time recommend feel']",0.003213049925852694
92,13,92_want want_want_want really_really want,"['want want', 'want', 'want really', 'really want', 'want would', 'great really', 'really people', 'much want', 'people want', 'good much']","['want', 'want', 'want']",0.003213049925852694
93,12,93_really really_really_really also_also really,"['really really', 'really', 'really also', 'also really', 'much really', 'really much', 'also', 'much', '', '']","['really', 'really', 'also really really']",0.002965892239248641
94,12,94_still still_still_still great_great still,"['still still', 'still', 'still great', 'great still', 'still first', 'also still', 'first also', 'good still', 'still good', 'still like']","['still', 'great still still', 'still still']",0.002965892239248641
95,12,95_update_update time_time update_update hour,"['update', 'update time', 'time update', 'update hour', 'update like', 'update even', 'even update', 'hour even', 'like hour', 'great money']","['update hour even update even', 'back update content update time content better issue issue great money doesnt thing', 'content cant update time update like']",0.002965892239248641
96,12,96_update_first update_weapon_update weapon,"['update', 'first update', 'weapon', 'update weapon', 'issue update', 'update this', 'cant update', 'update great', 'cant', 'update want']","['cant recommend good made good issue thing like also dont make feel people issue still like This also weapon better first update great update great', 'issue weapon even weapon weapon weapon make like want cant much even even issue update many update year still update cant still This back cant make first work every player know would year player update would want like made doesnt know player doesnt issue make good good cant even update issue This good time recommend hour good update', 'This thing much update This first update This many could This every update want like This every even like player thing like cant point cant point point cant cant even point This want system many even weapon character issue update update many']",0.002965892239248641
97,12,97_like make_made like_like made_make like,"['like make', 'made like', 'like made', 'make like', 'make good', 'good like', 'made still', 'make', 'made', 'make first']","['like make good', 'like make', 'like make']",0.002965892239248641
98,12,98_issue server_still server_server issue_server still,"['issue server', 'still server', 'server issue', 'server still', 'server', 'review server', 'cant great', 'issue', 'still', 'every issue']","['still server', 'issue issue server', 'good server issue server']",0.002965892239248641
99,11,99_update_update people_many_update would,"['update', 'update people', 'many', 'update would', 'even many', 'still update', 'even update', 'play update', 'update play', 'still time']","['time great feel like update people people issue would update like made every need make much dont recommend playing', 'many many time many many people update year feel This player content many still update people people many good time', 'update content even many play update play really much time cant recommend much youre time good system even many system time need This need issue update thing better']",0.002718734552644587
100,11,100_year_year still_year would_hour year,"['year', 'year still', 'year would', 'hour year', 'like year', 'hour', 'still hour', 'would', 'still year', 'time year']","['even still year still hour like', 'cant recommend hour people time play year would could even thing like year like time time', 'work dont many hour played time great back hour back year would would many would first time year want']",0.002718734552644587
101,11,101_back_back time_this time_cant know,"['back', 'back time', 'this time', 'cant know', 'still back', 'dont back', 'make back', 'great time', 'time great', 'time back']","['great time back time', 'time cant cant know still doesnt work back cant would point cant', 'This time make back back even still cant great point great time many']",0.002718734552644587
102,11,102_review_review time_review doesnt_better review,"['review', 'review time', 'review doesnt', 'better review', 'better still', 'still', 'time still', 'still still', 'every better', 'much like']","['This first review played still made would hour time year still recommend dont time', 'like much playing play made review system work work people much even really much like thing like better', 'review like first youre make play review made better still still every better review people playing time']",0.002718734552644587
103,10,103_recommend time_recommend_recommend would_recommend back,"['recommend time', 'recommend', 'recommend would', 'recommend back', 'time like', 'back better', 'recommend work', 'really work', 'great recommend', 'better recommend']","['time thing want recommend really many cant really work like', 'great recommend hour good recommend would back', 'recommend time']",0.002471576866040534
104,10,104_server_play server_people playing_people,"['server', 'play server', 'people playing', 'people', 'server player', 'player', 'player played', 'need server', 'cant dont', 'good people']","['server played server This people playing really really playing play would player played every time need server point', 'people like people playing content player server people much content also server made every dont even play people need good people', 'player like doesnt player played know make server every make people like work even even cant dont player player want play recommend would']",0.002471576866040534
